segment,average_order_value
Enterprise,1039.4378947368421053
Individual,983.9897058823529412
SMB,953.1854255319148936
